-- MySQL dump 10.13  Distrib 8.0.39, for Linux (x86_64)
--
-- Host: localhost    Database: bilemo
-- ------------------------------------------------------
-- Server version	8.0.39-0ubuntu0.20.04.1

/*!40101 SET @OLD_CHARACTER_SET_CLIENT=@@CHARACTER_SET_CLIENT */;
/*!40101 SET @OLD_CHARACTER_SET_RESULTS=@@CHARACTER_SET_RESULTS */;
/*!40101 SET @OLD_COLLATION_CONNECTION=@@COLLATION_CONNECTION */;
/*!50503 SET NAMES utf8mb4 */;
/*!40103 SET @OLD_TIME_ZONE=@@TIME_ZONE */;
/*!40103 SET TIME_ZONE='+00:00' */;
/*!40014 SET @OLD_UNIQUE_CHECKS=@@UNIQUE_CHECKS, UNIQUE_CHECKS=0 */;
/*!40014 SET @OLD_FOREIGN_KEY_CHECKS=@@FOREIGN_KEY_CHECKS, FOREIGN_KEY_CHECKS=0 */;
/*!40101 SET @OLD_SQL_MODE=@@SQL_MODE, SQL_MODE='NO_AUTO_VALUE_ON_ZERO' */;
/*!40111 SET @OLD_SQL_NOTES=@@SQL_NOTES, SQL_NOTES=0 */;

--
-- Table structure for table `customer`
--

DROP TABLE IF EXISTS `customer`;
/*!40101 SET @saved_cs_client     = @@character_set_client */;
/*!50503 SET character_set_client = utf8mb4 */;
CREATE TABLE `customer` (
  `id` int NOT NULL AUTO_INCREMENT,
  `name` varchar(255) COLLATE utf8mb4_unicode_ci NOT NULL,
  PRIMARY KEY (`id`)
) ENGINE=InnoDB AUTO_INCREMENT=11 DEFAULT CHARSET=utf8mb4 COLLATE=utf8mb4_unicode_ci;
/*!40101 SET character_set_client = @saved_cs_client */;

--
-- Dumping data for table `customer`
--

LOCK TABLES `customer` WRITE;
/*!40000 ALTER TABLE `customer` DISABLE KEYS */;
INSERT INTO `customer` VALUES (6,'Free'),(7,'Orange'),(8,'Bouygues'),(9,'SFR'),(10,'Sosh');
/*!40000 ALTER TABLE `customer` ENABLE KEYS */;
UNLOCK TABLES;

--
-- Table structure for table `doctrine_migration_versions`
--

DROP TABLE IF EXISTS `doctrine_migration_versions`;
/*!40101 SET @saved_cs_client     = @@character_set_client */;
/*!50503 SET character_set_client = utf8mb4 */;
CREATE TABLE `doctrine_migration_versions` (
  `version` varchar(191) COLLATE utf8mb3_unicode_ci NOT NULL,
  `executed_at` datetime DEFAULT NULL,
  `execution_time` int DEFAULT NULL,
  PRIMARY KEY (`version`)
) ENGINE=InnoDB DEFAULT CHARSET=utf8mb3 COLLATE=utf8mb3_unicode_ci;
/*!40101 SET character_set_client = @saved_cs_client */;

--
-- Dumping data for table `doctrine_migration_versions`
--

LOCK TABLES `doctrine_migration_versions` WRITE;
/*!40000 ALTER TABLE `doctrine_migration_versions` DISABLE KEYS */;
INSERT INTO `doctrine_migration_versions` VALUES ('DoctrineMigrations\\Version20240926093418','2024-09-27 10:51:22',43),('DoctrineMigrations\\Version20240926093943','2024-09-27 10:51:22',11),('DoctrineMigrations\\Version20240926102323','2024-09-27 10:51:22',50),('DoctrineMigrations\\Version20240926104817','2024-09-27 10:51:22',213);
/*!40000 ALTER TABLE `doctrine_migration_versions` ENABLE KEYS */;
UNLOCK TABLES;

--
-- Table structure for table `product`
--

DROP TABLE IF EXISTS `product`;
/*!40101 SET @saved_cs_client     = @@character_set_client */;
/*!50503 SET character_set_client = utf8mb4 */;
CREATE TABLE `product` (
  `id` int NOT NULL AUTO_INCREMENT,
  `name` varchar(255) COLLATE utf8mb4_unicode_ci NOT NULL,
  `brand` varchar(255) COLLATE utf8mb4_unicode_ci NOT NULL,
  `color` varchar(255) COLLATE utf8mb4_unicode_ci NOT NULL,
  `price` double NOT NULL,
  `screen_size` varchar(255) COLLATE utf8mb4_unicode_ci NOT NULL,
  `description` varchar(10000) COLLATE utf8mb4_unicode_ci DEFAULT NULL,
  PRIMARY KEY (`id`)
) ENGINE=InnoDB AUTO_INCREMENT=101 DEFAULT CHARSET=utf8mb4 COLLATE=utf8mb4_unicode_ci;
/*!40101 SET character_set_client = @saved_cs_client */;

--
-- Dumping data for table `product`
--

LOCK TABLES `product` WRITE;
/*!40000 ALTER TABLE `product` DISABLE KEYS */;
INSERT INTO `product` VALUES (51,'voluptatum','Apple','Blé',349.3,'1080x1920','Vitae odio voluptates explicabo vel. Velit qui quaerat tenetur natus debitis qui. Debitis deleniti consectetur ut dolorum maiores ut sit.'),(52,'necessitatibus','Xiaomi','Cramoisi',733.97,'1440x2960','Voluptatem aut id inventore debitis corporis. Sapiente quam maxime dolor eaque. Animi sapiente nemo quia ducimus praesentium quis aliquam.'),(53,'placeat','LG','Café',595.93,'1440x2560','Autem saepe esse quisquam quis. Consectetur illum est ut. Natus velit corrupti voluptas et quo est. Atque ex pariatur laborum sapiente dolorem qui rerum.'),(54,'et','Sony','Bleu barbeau',692.59,'720x1520','Et officia veritatis rerum voluptatem sed. Molestiae sint deleniti rerum sed vel. Quisquam molestiae sequi vel.'),(55,'quis','OPPO','Orange brûlé',519.03,'1242x2688','Quibusdam numquam aspernatur repudiandae voluptas. Distinctio deserunt et pariatur dolor provident. Incidunt explicabo animi facilis dolorum veniam explicabo cumque. Sit a voluptas sit iste dicta.'),(56,'quisquam','OPPO','Vert tilleul',631.87,'1125x2436','Quisquam possimus omnis explicabo. Molestiae praesentium ducimus deleniti sed quisquam. Omnis quia odit sit aut.'),(57,'corporis','Apple','Brique',411.5,'1668x2388','Hic omnis error est consequatur. Enim aliquam totam accusantium. Placeat nulla delectus eos ratione qui. Non voluptatibus tempore dolores neque.'),(58,'laborum','Sony','Vert d\'eau',696.66,'1668x2388','Voluptas omnis ullam unde veniam aut. Perspiciatis quidem labore sunt quisquam. Ut dolorum nobis rem nostrum.'),(59,'numquam','Xiaomi','Cannelle',817.91,'1080x1920','Expedita ut autem ut officiis. Aliquid sapiente reiciendis corrupti enim ullam autem omnis. Suscipit eius iste autem est inventore optio assumenda. Quo ipsum dolore eligendi recusandae facilis.'),(60,'amet','OPPO','Isabelle',106.74,'1170x2532','Itaque eius aut officiis illum. Et quia omnis ut dolore. Aut eos et aut laborum aut. Quam totam exercitationem sed nulla quam architecto qui.'),(61,'dolor','Samsung','Rouge cerise',670.26,'1668x2388','Aut quia et sed ut dolor. Sint ex corrupti velit dolore doloremque incidunt. Qui sed aliquid dicta omnis. Quia qui ea sunt aut aut.'),(62,'aut','Sony','Poil de chameau',300.61,'1242x2688','Officia non et facere quo laborum id. Ea aut consequatur culpa iusto incidunt. Sint ex nostrum exercitationem sed velit vitae aliquid. Fugiat qui architecto at culpa amet quia.'),(63,'quis','OPPO','Capucine',493.42,'1536x2048','Nostrum neque ut sequi commodi totam. Dolorem aperiam rerum optio ratione sapiente qui perspiciatis perferendis. Nihil incidunt sit sit vero architecto.'),(64,'suscipit','Samsung','Bronze',684.17,'1080x2340','Iure voluptatem quas aut hic beatae. Dignissimos laudantium quo ut excepturi. Ea facere magnam ut blanditiis et et reprehenderit quia.'),(65,'et','LG','Rouge de Falun',601.48,'720x1520','Optio et ut ullam fugiat eveniet. Aperiam deserunt adipisci sapiente vel veniam voluptate. Aliquam et sed ea assumenda repellendus eum. Sed inventore repudiandae velit et repellendus nobis eum.'),(66,'deleniti','Nokia','Blanc cassé',129.37,'720x1520','Quae nihil ipsam inventore ut veniam. Sunt ipsam dolor culpa ipsam unde laudantium. Assumenda est et debitis rerum autem reprehenderit. Dolore est magnam ex occaecati.'),(67,'cumque','Apple','Cinabre',704.41,'1080x2340','Et magnam aut recusandae. Nesciunt consequuntur neque quasi aliquam. Deserunt et molestiae explicabo tempore quidem mollitia. Qui ipsum tempore similique voluptatem magni consequatur.'),(68,'voluptates','Nokia','Bleu de cobalt',691.47,'1080x1920','Nisi consectetur facere hic ut. Dolore voluptatem veniam et magnam ipsa ut eum et. Aut non perferendis dolor quo. Excepturi aut voluptas optio.'),(69,'consectetur','Apple','Bleu barbeau',90.16,'1440x2560','Sit corrupti facilis eos beatae corporis unde. Tenetur veniam veritatis qui velit. Facere quas aut aut ullam accusantium ullam a quia. Optio molestias sequi libero aut.'),(70,'provident','LG','Jaune de Naples',754.94,'1080x2340','Ut earum voluptatem non quisquam. Quam voluptas et ut impedit minima et. Ex aliquam ea ut nam velit et. A debitis accusamus aut.'),(71,'consequatur','Samsung','Vert impérial',955.06,'1242x2688','Aspernatur incidunt earum alias quo. Magni doloremque cum natus eveniet deserunt eaque. Ipsum fuga ducimus quae voluptates ut quis.'),(72,'expedita','Samsung','Bleu turquin',577.47,'1440x2560','Impedit consequuntur iusto quidem non soluta fugiat explicabo. Quisquam quidem fugit qui voluptatem voluptatem quia unde. Et ut ipsam sed pariatur eveniet.'),(73,'ut','LG','Gris souris',190.57,'1440x3200','Id et deleniti vel suscipit. Aliquam voluptatem voluptas voluptatem cum qui vel excepturi. Sit laboriosam et quo quas qui. Hic qui velit temporibus qui odio nisi.'),(74,'mollitia','LG','Cachou',605.35,'1080x2400','Deleniti beatae quia placeat et assumenda unde. Assumenda asperiores facilis inventore et. Vel veritatis minima odit officia fugit sed.'),(75,'veritatis','Xiaomi','Sinople',304.56,'1125x2436','Iste illum consequatur et aut sit enim. Velit ut velit beatae voluptatem cupiditate molestias veniam modi. Porro nam voluptatem hic repellendus porro minus rem.'),(76,'commodi','OPPO','Jaune d\'or',797.15,'1440x2960','Quidem reprehenderit et tenetur eos et praesentium similique. Accusantium deserunt voluptas optio odit. Qui voluptatem at doloremque quasi libero non.'),(77,'sit','Xiaomi','Jaune citron',723.53,'1170x2532','Accusantium placeat commodi eveniet sed et facilis earum. Dignissimos porro aut eaque et consequatur quaerat. Sed placeat et voluptates. Quidem error vitae blanditiis sit.'),(78,'ut','Sony','Cramoisi',923.06,'1440x2560','Explicabo consectetur rerum libero voluptas necessitatibus rerum. Facilis ipsum et odio. Corrupti odit est omnis in et ducimus odit consectetur.'),(79,'cum','Sony','Basané',425.23,'720x1520','Autem exercitationem eos non nostrum sed quisquam sunt. Delectus illum nihil vel. Sint cum dicta nesciunt exercitationem distinctio quia aut. Animi unde assumenda totam veniam ad.'),(80,'velit','Sony','Cachou',675.7,'1440x2560','Amet est et itaque harum consectetur. Ipsum non labore reiciendis et enim. At non molestiae exercitationem voluptas. Cum facilis fugit repellat quasi sit sit.'),(81,'inventore','LG','Bleu de cobalt',608.86,'1170x2532','Ut aut quia distinctio enim eaque magnam. Odit sed quo voluptas excepturi rem est repellendus. Sed ex quaerat possimus et qui totam ut. Quam voluptatem vero et delectus.'),(82,'laborum','Apple','Lilas',239.87,'1284x2778','Aut voluptatem consequatur laborum est. Nobis dolore aut voluptas quos. Omnis velit voluptatem quod nisi dolorem sint repellat. At eos ratione aliquid aut.'),(83,'veniam','Xiaomi','Rouge indien',761.1,'1668x2388','Voluptas officiis nihil autem rerum. Qui sit quia placeat voluptatibus cupiditate. Ut architecto ea saepe dolores laudantium illo. Sunt nesciunt deserunt est at vitae tenetur.'),(84,'sed','Nokia','Puce',745.47,'1536x2048','Sed ea sit ipsa. Fugiat et nihil rerum in enim quia rem veritatis. Consectetur fuga qui aut ut tempora vel beatae.'),(85,'sint','Xiaomi','Bleu givré',468.06,'1080x1920','Enim quo natus nostrum soluta. Voluptatibus dolorem velit accusantium iure tempora. Animi dolorem quae ipsa modi quia culpa ipsa.'),(86,'sint','Samsung','Bleu turquin',532.72,'1242x2688','Aspernatur doloribus impedit error quia aspernatur magni. Magni quis id quod officia. Sed vel aliquam vero repudiandae placeat.'),(87,'nemo','Samsung','Jaune de Naples',705.27,'1125x2436','Labore ab quo rerum autem repudiandae quo. Nesciunt magni fuga vero illo repellat sit. Illum eos repudiandae dignissimos molestiae. Soluta in a eos sed adipisci cumque saepe.'),(88,'qui','Nokia','Vert tilleul',33.58,'1440x3200','Aut veritatis ex dicta eum veniam sit et ut. Iste adipisci fugit aut exercitationem quod. In ut cum omnis et nesciunt in qui libero.'),(89,'minima','Xiaomi','Bisque',181.25,'1536x2048','Pariatur illo accusantium ex et est. Officia ea omnis nihil et aut quibusdam eos. Id officiis vitae enim ut.'),(90,'quas','Sony','Amande',235.57,'1284x2778','Rerum asperiores ea qui dolores. Neque praesentium quos exercitationem voluptas voluptas ut asperiores. Blanditiis animi odio atque dolores quis.'),(91,'asperiores','LG','Sanguine',135.72,'1080x1920','Cum doloremque debitis quia. Ex similique consectetur dolorem placeat soluta odit adipisci. Qui minima repudiandae est ea qui in illum.'),(92,'voluptas','Apple','Indigo',648.94,'1440x3200','Qui aut accusantium exercitationem sit voluptatum et. Possimus ut porro vel ipsum occaecati vel. Voluptatem soluta temporibus repellendus.'),(93,'at','Apple','Blanc cassé',427.85,'1170x2532','Accusamus tempore officiis ut quo. Alias nemo corrupti sunt totam. Neque laudantium sed accusamus minus. Rerum aspernatur dicta distinctio dolor.'),(94,'et','Sony','Vert tilleul',707.57,'1440x3200','Vel nulla soluta aperiam. Asperiores nobis aperiam voluptatibus eveniet blanditiis minima aut. Aut non voluptas exercitationem est sunt distinctio et.'),(95,'cum','LG','Vert de vessie',727.58,'1440x2960','Rerum consequatur cum voluptatum et voluptatum. Qui nisi consequatur minima aut est at non. Neque quae tempore ipsum minus pariatur tempore aut. Est aut veniam non dolor sed.'),(96,'rem','Nokia','Bleu de Prusse',196.07,'1440x2960','Voluptatibus libero ipsa praesentium ipsam est quae nulla accusamus. Aperiam temporibus nemo tenetur dolorem voluptates quo natus. Sequi et aut expedita impedit qui.'),(97,'aut','OPPO','Rouge de Falun',47.74,'1440x3200','Nulla nesciunt iusto commodi quod sed. Impedit eveniet eos ea rerum minima. Rerum distinctio fuga nemo voluptatem animi ea. Dolor animi totam reprehenderit laudantium.'),(98,'temporibus','OPPO','Acajou',30.2,'1536x2048','Quas enim eligendi ipsum quam quibusdam natus qui. Voluptatum sequi suscipit deleniti aut.'),(99,'unde','Samsung','Caramel',18.76,'1440x2560','Delectus possimus iusto ratione vel aliquid nam. Omnis nisi vero eveniet quibusdam odit molestiae. Error ea quasi neque commodi non. Architecto modi optio ipsum neque vel.'),(100,'error','Xiaomi','Soufre',286.87,'1080x2400','Amet odio consectetur deleniti reiciendis error eveniet. Quis neque in nostrum voluptatum. Fugit fugit esse qui maiores.');
/*!40000 ALTER TABLE `product` ENABLE KEYS */;
UNLOCK TABLES;

--
-- Table structure for table `user`
--

DROP TABLE IF EXISTS `user`;
/*!40101 SET @saved_cs_client     = @@character_set_client */;
/*!50503 SET character_set_client = utf8mb4 */;
CREATE TABLE `user` (
  `id` int NOT NULL AUTO_INCREMENT,
  `email` varchar(180) COLLATE utf8mb4_unicode_ci NOT NULL,
  `roles` json NOT NULL,
  `password` varchar(255) COLLATE utf8mb4_unicode_ci NOT NULL,
  `firstname` varchar(255) COLLATE utf8mb4_unicode_ci NOT NULL,
  `lastname` varchar(255) COLLATE utf8mb4_unicode_ci NOT NULL,
  `customer_id` int NOT NULL,
  PRIMARY KEY (`id`),
  UNIQUE KEY `UNIQ_IDENTIFIER_EMAIL` (`email`),
  KEY `IDX_8D93D6499395C3F3` (`customer_id`),
  CONSTRAINT `FK_8D93D6499395C3F3` FOREIGN KEY (`customer_id`) REFERENCES `customer` (`id`)
) ENGINE=InnoDB AUTO_INCREMENT=128 DEFAULT CHARSET=utf8mb4 COLLATE=utf8mb4_unicode_ci;
/*!40101 SET character_set_client = @saved_cs_client */;

--
-- Dumping data for table `user`
--

LOCK TABLES `user` WRITE;
/*!40000 ALTER TABLE `user` DISABLE KEYS */;
INSERT INTO `user` VALUES (28,'henry.adrien@poulain.com','[\"ROLE_CUSTOMER\"]','$2y$13$DJ4A8uDGjxr9/aGz/1Nh0.b2H4qXj1cQiGrGB7dTqsRJt4MpK5AE2','Olivier','Leduc',8),(29,'admin@example.com','[\"ROLE_ADMIN\"]','$2y$13$3uIZTipWEvPjj/W0UmWxfO6//tbnbSevcggIYnD0bJRZdox5rpO26','admin','admin',8),(30,'client@example.com','[\"ROLE_CUSTOMER\"]','$2y$13$PKlobBB2/IpJRfm9XOhFF.lL.TDpdGUnJGTGH479xl8kivRrMrFbi','client','client',7),(31,'dominique90@michel.net','[\"ROLE_USER\"]','$2y$13$VGt1T/AvWRcu.35CogKhp.TiJXL8w8NXH.duKTUJMHm3HACNzFMy.','Sophie','Pineau',8),(32,'klefebvre@free.fr','[\"ROLE_USER\"]','$2y$13$RmRWLWg55yobnntoCb2fXOSMEtZFrmtAk1koVcTaXMsHBUT7EfPVC','Robert','Bazin',6),(33,'ilacroix@briand.net','[\"ROLE_CUSTOMER\"]','$2y$13$DY.n7yRo08I3GMTX4ABKKeFes4jcC344WhHnhMhpwq63U3wsrEffy','Thibault','Ribeiro',8),(34,'leon41@joubert.com','[\"ROLE_USER\"]','$2y$13$UMepmOO1QTcG/kb5h.u.lOcPDKTCJLehr57L4yj3fFsJABxy.NA2C','Laetitia','Menard',9),(35,'pires.philippe@diallo.net','[\"ROLE_USER\"]','$2y$13$9nIlN/2G3scZXkeqsPq7juhLRo3/f4DBAH/BMlD9wbnvp4t8yw9Ya','Richard','Gautier',6),(36,'aurore.martel@mallet.net','[\"ROLE_USER\"]','$2y$13$Dg5cWsACqupEmRhlVZvEmeUkwTBLp38ux6I91uQ/s8h.5qEN1fMw6','Gilbert','Jacquot',7),(37,'flenoir@noos.fr','[\"ROLE_USER\"]','$2y$13$mUh11ombm.TnNs5J7Mnz4uiuVn1XkYbOU0jvNostnftTwe8ootYF6','Lorraine','Lemoine',7),(38,'pichon.emmanuel@laposte.net','[\"ROLE_CUSTOMER\"]','$2y$13$mCqxXqv9riFR6Ch5bygn7uB0wJKNjxyTmWb5UJhOQL0c7JceTZNlS','Aurélie','Arnaud',7),(39,'xavier52@delahaye.net','[\"ROLE_USER\"]','$2y$13$pMGGy0jMFvGyfmfWxYXxK.QDxD.wfxlWgHhQb0nYa9Nkv194/3hFK','Émilie','Lesage',9),(40,'vidal.renee@hotmail.fr','[\"ROLE_USER\"]','$2y$13$IDs/vEWweAZfpsGAJITfaOUtbSypRjyK1nt35.j/uZ8wp4uNyqUzC','Nathalie','Diallo',7),(41,'poirier.louis@chretien.com','[\"ROLE_USER\"]','$2y$13$CEv.havm0R5utRln5yPRjOezt9l3N6VCzj1gZ5V/5ezxx4sB8Qmw2','François','Baron',10),(42,'wturpin@fernandez.fr','[\"ROLE_USER\"]','$2y$13$m7QT1/vptll89OZplv0fFemi9q1RUVDJbw0KXfepMPJZc1Tq3kidC','Jeannine','Hebert',10),(43,'brigitte.roche@delahaye.net','[\"ROLE_CUSTOMER\"]','$2y$13$GD5rBxYWIesa8EC2sirEF.2NLtw2RAn6kAtbLW.RRwfVdPpw86Txq','Agathe','Riviere',6),(44,'therese64@hotmail.fr','[\"ROLE_USER\"]','$2y$13$GAEYph/le3L7LuqfORudUuOe6f4DV6iZ7q.RnirpPk5LzCJ2Z8oGS','Bertrand','Diaz',10),(45,'delaunay.agnes@guyot.net','[\"ROLE_USER\"]','$2y$13$pUp5UrUNm930Z77GlBmsY.TUGGAjYbHjMu0/bWUE2pua03sTzri/m','Olivier','Dijoux',8),(46,'georges.julien@marques.net','[\"ROLE_USER\"]','$2y$13$1XSdNhM5RyZgf7II63F2ceOFDh0HE0XmaD4V6XbJdD9rnx95RRRJy','Édouard','Vaillant',8),(47,'fvallet@alexandre.fr','[\"ROLE_USER\"]','$2y$13$88xHG4eukeu3FehelNEZa.kG5KUtx1WbIHpqrubpGpI4d5nFSGrim','Antoinette','Dupuis',8),(48,'kaubry@labbe.fr','[\"ROLE_CUSTOMER\"]','$2y$13$MKiAoVBso2RZqBoP51CPxeADGMmyZMIQwA4hgfP8kLf/WB1JFVa02','Virginie','Labbe',10),(49,'ogonzalez@klein.com','[\"ROLE_USER\"]','$2y$13$VWam10LGvvXvr7E/HocP6elOwM5khsaISbraWX4ED3E2apZVYfj.6','Pierre','Moulin',10),(50,'paris.nathalie@orange.fr','[\"ROLE_USER\"]','$2y$13$dACDa41P.39.xX0IfTrkZehTVThc9weRs1nAqmSTHFwRfjqnFHia.','Célina','Giraud',9),(51,'caroline.boutin@club-internet.fr','[\"ROLE_USER\"]','$2y$13$f2bnGRcnXBJezrv1zGz1qeynVY6voccy4z/OL9K8IWpECRFLhTrNe','Honoré','Auger',6),(52,'lmarie@legoff.fr','[\"ROLE_USER\"]','$2y$13$m6Py5/Z5pzm4DmLp7Qyff.6SC.CphurCMT70S7gtvX65IamVeWucq','Isabelle','De Sousa',8),(53,'veronique.charles@dbmail.com','[\"ROLE_CUSTOMER\"]','$2y$13$QgL.oIZ0QXFLlq36iAHhse83610OLcc7xk1Q.l.cUkNl9EHl6X0Zy','Alexandrie','Monnier',7),(54,'camille.reynaud@yahoo.fr','[\"ROLE_USER\"]','$2y$13$egrC.qGGYVlGtpq8O0tvcep.gPlIjbriOzl8bAbu29sIT5SCXM0Wq','Diane','Potier',7),(55,'georges.maury@laposte.net','[\"ROLE_USER\"]','$2y$13$UfMauU4DtNzFSMwM5YxpZe3OXYBAiY5khgCBPy7l4GucsnydPwk8W','Grégoire','Roux',6),(56,'sophie.antoine@dbmail.com','[\"ROLE_USER\"]','$2y$13$gFfkhB0xVf/p35XrUlqVEOS/pt4cYCo6gTOSZwTpcsoRHtMRNJE3.','Éléonore','Roche',8),(57,'pierre.couturier@free.fr','[\"ROLE_USER\"]','$2y$13$u6wrZLcVect72.5JzIEHMeW.DRYIrE1x0TkkWX/jSB29Y5PVC9MZy','Franck','Deschamps',7),(58,'mathilde.colas@marques.fr','[\"ROLE_CUSTOMER\"]','$2y$13$4/ynBLGc/mm8dovtWw9wL.76cD/vZI8qxHsHJq6bXO/Hh159rrw8m','Nathalie','Dumas',6),(59,'qtexier@live.com','[\"ROLE_USER\"]','$2y$13$gxzvSkMwUdkdDru9JWV1nOnz8Ae8m/m4HzDufoKBSvx.nDK3prwzS','Nath','Blanchard',10),(60,'valerie71@dasilva.fr','[\"ROLE_USER\"]','$2y$13$IgQoWJEF24p/L9eV.r0srebmLAzb77AL8txCsdwxf5rCBg6hgUCz2','Laurent','Weber',9),(61,'bodin.bernard@guilbert.fr','[\"ROLE_USER\"]','$2y$13$DYTX0bvzkOSfjO6QCnDvLOjq.fR56ZpIkE9ZesAAgGlTCk1CpUCp.','Charles','Guillon',7),(62,'catherine57@perrin.com','[\"ROLE_USER\"]','$2y$13$k3fwSK2xIoD98Oxi5/6L9O8ay.SjiVy/YX98rpTRxZbi3Q9ZZ7rRG','Andrée','Boutin',7),(63,'henriette24@renard.org','[\"ROLE_CUSTOMER\"]','$2y$13$0ALv3OlyA0NJjE0DUEc8cu9LThiuaoEFjYT.2LuyNDeq2TqZthWa.','Christelle','Aubry',9),(64,'edith.gaudin@masson.org','[\"ROLE_USER\"]','$2y$13$kZhTTD3Nm0AExHGKlitz9eKCshreiZb1L4ThLbqLuivntPbfDGiP6','Hugues','Michaud',7),(65,'hoarau.stephane@clerc.fr','[\"ROLE_USER\"]','$2y$13$47OtJTmi1y9t/67Zg.gj3ObbCptdofBQbQk2SIeVkrHVnelX.j4jO','Adèle','Roche',9),(66,'andre44@pichon.fr','[\"ROLE_USER\"]','$2y$13$w/Yo049DlFhqePQUq0QsA.tALa9pqHF768LdcbocVzGLAg45blUNe','Augustin','Lemaitre',10),(67,'georges.thomas@arnaud.fr','[\"ROLE_USER\"]','$2y$13$4mco9RbhHdOe//zmuHYP6OmoWNU7HKUljUfDuJjPzNFDQFV7Rbzh6','Jacques','Guillou',6),(68,'garcia.agnes@sfr.fr','[\"ROLE_CUSTOMER\"]','$2y$13$Dv8oGONEIqTQW/d0bgl2IuGRxyyMpe7qrA1kI7A1geuZN4UD3LXh2','Joseph','Gilles',6),(69,'germain.suzanne@gillet.fr','[\"ROLE_USER\"]','$2y$13$kMaAB1b7pfp0HIepyL4MbuCsemlAJ9tHQJBwuhdgrYrocLLbVXsMi','Audrey','Duval',8),(70,'bernadette53@faure.fr','[\"ROLE_USER\"]','$2y$13$alR.2yGbniSEPF0QX6ENrO45my/j.whQ./4HusZhA1PiBa3TQPdi6','Louise','Riviere',10),(71,'robert.marcel@renault.com','[\"ROLE_USER\"]','$2y$13$jw8c7Ba7Ctbv844RLuwsfetrrPEnvK9ObRn3zLnmv1aMd907RLTx.','Augustin','Francois',8),(72,'trichard@sfr.fr','[\"ROLE_USER\"]','$2y$13$p99Ng0AH.pyqotWHwduDKOrS8yjMqDaV56oVbbEqpW2D3TroS7..C','Emmanuel','Blanchet',6),(73,'auguste.baudry@devaux.net','[\"ROLE_CUSTOMER\"]','$2y$13$r4B00H/d8mMGbROGFc9ir.H6LHx6LtuhkAcu8zU966shPhFdijDYe','Anaïs','Marin',8),(74,'thibaut.maury@fleury.com','[\"ROLE_USER\"]','$2y$13$8afPuxt77n9YV4WZYh/fu..LSLcXEgbjAdvOXoMp0JZbTFEKgFlEG','Nathalie','Boyer',9),(75,'barre.dominique@mahe.fr','[\"ROLE_USER\"]','$2y$13$DY4ZwIoUkXAQltI2nBTxveMbU9SBX6cJPWP3BSU6Z6PkVqDb1cUfm','Aurélie','Levy',9),(76,'christelle.rousset@laposte.net','[\"ROLE_USER\"]','$2y$13$tBCnt8zqdFhoRKILILB.jevqP2OEf97PC5q8RnMitmm.wV.3p/Lbq','Raymond','Duval',9),(77,'jdijoux@yahoo.fr','[\"ROLE_USER\"]','$2y$13$IjGi..j1J5ggcdT/fflTpeM6XJmucnvFN3D510xCbILPLqHe6SoU6','Jeanne','Le Goff',7),(78,'jacqueline.berthelot@lebreton.org','[\"ROLE_CUSTOMER\"]','$2y$13$u2C1J9hUax1m5a9s4Lqa9.b16ooolfIU82Xrj9cLU73AnRsXcgJRO','Benoît','Ferrand',9),(79,'marie78@hotmail.fr','[\"ROLE_USER\"]','$2y$13$s4Rs.8.mi1FJTaVVTKMyR.1NP1fsAoufCQmdEAPz4NqwfWF9GrqkC','Alfred','Bernard',8),(80,'lemaitre.michelle@club-internet.fr','[\"ROLE_USER\"]','$2y$13$zswmAAAP.Uv6eDq4a.iOt.YJdBAbmxIkvn5pzuLPk4wZ4Fxtyf3cC','Alexandria','Perret',10),(81,'roux.laurent@delattre.com','[\"ROLE_USER\"]','$2y$13$.l3K7Bx4UTBXZLEw198hq.LMQ2hHlSSKbZF.8mrROKbmdx6zGK3xm','Zacharie','Jacquet',7),(82,'chartier.pauline@sfr.fr','[\"ROLE_USER\"]','$2y$13$EL9xil37z6R5Q.6PV2fAheisjmRMi6tixKMt6UTvMkuFnLK/wpRnq','Paul','Gomes',8),(83,'timothee.thibault@hotmail.fr','[\"ROLE_CUSTOMER\"]','$2y$13$5eXAUO0sSoumKi4JsnCKjOdMUOSY1Nhldw1RCoiGqYzz9G3mnp66O','Michelle','Martins',7),(84,'alfred48@leblanc.com','[\"ROLE_USER\"]','$2y$13$n2OLhr1Huzcow/h3CQKe6OpgBHzdXyT5SZl6KvWHWPnoTmv3pW2Ia','Raymond','Bazin',6),(85,'begue.jeannine@albert.fr','[\"ROLE_USER\"]','$2y$13$oWpr0na87MIH7tmc1AWBUOYs3tQbqjLe0fxRNIHz7vqxxmebCFVh2','Colette','Guilbert',10),(86,'jean.jacques@tele2.fr','[\"ROLE_USER\"]','$2y$13$GpZHMzbicMmaC7YA4UUrXuKXqDVcGuJ535477weEqvsJWzpRFZkvq','Arthur','Dumas',9),(87,'genevieve.goncalves@orange.fr','[\"ROLE_USER\"]','$2y$13$4XqZKtuP70GKAAG7D1f04OekYk/9Hr./IFGhnjngHTCEKXtbSYGWm','Antoine','Didier',9),(88,'marianne29@renaud.net','[\"ROLE_CUSTOMER\"]','$2y$13$2aUd9fjfCtwGCofmHQeDtuiSrDo/A29efK4I8UDanhHXkCv2Bi2wG','Paul','Gilbert',7),(89,'arnaud.andree@caron.com','[\"ROLE_USER\"]','$2y$13$Y6Jhsma04gAJjQKkgLr8aeqaSkFQ9kSllPKfjNvnB1y42FjSWWQ0O','Pénélope','Brunet',9),(90,'mace.anouk@club-internet.fr','[\"ROLE_USER\"]','$2y$13$Bnqe3zgpUPVJ3Gp/N3v/Y.5UwmSbffM1jT.q7wjQjSkSJPbbBInKm','Rémy','Georges',10),(91,'oparis@laposte.net','[\"ROLE_USER\"]','$2y$13$VYHUges.TNmRB5yU6Bbk2eNLfMFWfBrjAlmtzoDvCTAsJZTEG9h7S','Michel','Guillou',6),(92,'zbousquet@laposte.net','[\"ROLE_USER\"]','$2y$13$lmZ9yKkGSITrbGMGECryle8AUFT4Zj8Xcoa2f9v4JaqmY4q0Ue2BC','Georges','Moreau',6),(93,'toussaint.charles@sfr.fr','[\"ROLE_CUSTOMER\"]','$2y$13$aJLiD.gTJll4KJ1Dt6KA5uDJF42bGKhWr1cNxftAJSXiFjmbyMsIW','Valentine','Bourgeois',8),(94,'qbriand@free.fr','[\"ROLE_USER\"]','$2y$13$LBmSrtjTblF0BGnmKRa7C.ubplmlIPaejbVMRdY7cpPKi4zTJLuve','Alice','Alves',8),(95,'charlotte93@barbe.com','[\"ROLE_USER\"]','$2y$13$NCd6UG3fogiWTNr.atvR1OybSrnrZFp6JDObmaJIK2kTqtgELMGLi','Léon','Julien',6),(96,'roger97@tele2.fr','[\"ROLE_USER\"]','$2y$13$L4bde/s4.2L/SPisjZdHnObgIgf.tqPmDS/KTEtLWZlA16PJgQHhS','Audrey','Grondin',8),(97,'oboulanger@ferrand.fr','[\"ROLE_USER\"]','$2y$13$CDqj.ozj9illxaNl1fMCA.JyyN8e6U2O/8UAMmmpGVRAjesJxKgey','Jacques','Petitjean',6),(98,'jeannine.marin@bourgeois.net','[\"ROLE_CUSTOMER\"]','$2y$13$Av3HGVWuS1d3Do.Nfp9ROOGK26vh4TmTq1MEakYuo1xe1V5xw0FhK','Julie','Pinto',6),(99,'christine57@dupuy.com','[\"ROLE_USER\"]','$2y$13$bu4HQlh3Aqt2pSYNRdUWdua6g11uiNj.7OnNkUHJPSQ8tamDymNG6','Anne','Hernandez',8),(100,'david.noel@martel.com','[\"ROLE_USER\"]','$2y$13$uIUBdqQVVWp6FDQOJ9NOFe42MrvxwB3nMqvFqFKMy4XdaXd3rm8kq','Charles','Delmas',7),(101,'benjamin.allard@sfr.fr','[\"ROLE_USER\"]','$2y$13$Nm8rOrSAxYtGH7o78YcbxOlZwMxHkYspgJuv8A7pgXHMVf7lz7wIq','Joseph','Boyer',6),(102,'susan30@club-internet.fr','[\"ROLE_USER\"]','$2y$13$TWatLkxtlGnmQ94Akh73V.4WqD5bvpwbvn5WliAuW2TroYXucq1Iq','Roger','Loiseau',9),(103,'richard.roger@live.com','[\"ROLE_CUSTOMER\"]','$2y$13$pJLwG0M1/3v4PQsLA1z8kOmr.dWVSms/AkX20wkorkPSU29wVIcdm','Augustin','Royer',6),(104,'marianne09@regnier.com','[\"ROLE_USER\"]','$2y$13$arxuoi5uPJjA8g99SCwodOwGtFWflQSrTlGLaVTFrFTMiPsUsolIy','Bertrand','Maillard',10),(105,'robin.maurice@free.fr','[\"ROLE_USER\"]','$2y$13$AdQ6dXbM59CEPYpGrxGVAOitPaDlbAnzBzVitkJJ2ryTv.nMRGPtK','Rémy','Gimenez',6),(106,'remy.arnaud@hotmail.fr','[\"ROLE_USER\"]','$2y$13$P.oJFBDB7OEaYhllfsHl..x2PcJlhwe71mtb1dahG7SMdF8yvGmNK','Marthe','Voisin',10),(107,'hortense57@free.fr','[\"ROLE_USER\"]','$2y$13$6zSWTZlxsFztRZKyIe7O7.3v1xaKTiEoYoy8Be.EFN/RXd5ckbtYO','Marguerite','Gaillard',7),(108,'marguerite74@david.fr','[\"ROLE_CUSTOMER\"]','$2y$13$3mJmEH4lR40BmgfLyc4uDuWRRNInzjkTabcjTfNfmy5cYTVAB/9/a','Marie','Gaudin',7),(109,'adelaide.petitjean@laposte.net','[\"ROLE_USER\"]','$2y$13$8TNGHMfN7hCpbPqD5ouKcOCXsrnDRQQ5orlR2D2jZoS2XUzoR/DYa','Élise','Barbier',7),(110,'jeanne.lecomte@noos.fr','[\"ROLE_USER\"]','$2y$13$aDuiS7FmwPB87okrlTE7POsX0gXmTgd7q8ADQurOAy8SjWDPsU.Jm','Joseph','Garcia',10),(111,'paulette.marchand@lesage.com','[\"ROLE_USER\"]','$2y$13$/N25YGpxSZQ0aFX0U8u1JO7NIRiZMTBwdWK1y.tdvMNvUC5MjpaDO','Frédérique','Blanchet',7),(112,'jacques.perrier@club-internet.fr','[\"ROLE_USER\"]','$2y$13$DljmebaomYAZ3oPowITfBu0VhyRp8LiWgQDXUEqsdXZFrh6fN9JxG','Sophie','Marin',8),(113,'dominique.petitjean@yahoo.fr','[\"ROLE_CUSTOMER\"]','$2y$13$tJqR2bxxp4LRqH32PaB1N.6oVYe/jZvtJhtCgUQ9Oq3f.hTRwv4jm','Virginie','Turpin',8),(114,'ibreton@wanadoo.fr','[\"ROLE_USER\"]','$2y$13$aNSv8KU/ep0LZz8RUZHWuOFLzXUGNQ25DYs4sfHVQBr5Wp0GgWZAW','Jules','Perret',8),(115,'blondel.anastasie@lacroix.com','[\"ROLE_USER\"]','$2y$13$MSa7pBahK5eLz10MkDg6jO/QauqM4eGgyhVASF5OS.gHt4cYD.fzS','Hortense','Torres',10),(116,'guibert.renee@laposte.net','[\"ROLE_USER\"]','$2y$13$0HK/V.Jg4ETK7Ygr97IRLeqeqFKOVz4sHaYUF4wmL5BuC7vSoajvK','Aimé','Normand',7),(117,'antoinette31@renaud.fr','[\"ROLE_USER\"]','$2y$13$uHq.L9pQzPxAzxuRD1RxrusiT/U7PUMKjC.toJcbFq0MegRvnjyXK','Valentine','Lelievre',7),(118,'marthe10@mendes.fr','[\"ROLE_CUSTOMER\"]','$2y$13$/CGB2TVDfg/iy3jYTIHg4eB4rC.1pFfA1snuHRbNoLhxppL75qz1u','Gilbert','Berthelot',10),(119,'bousquet.valerie@club-internet.fr','[\"ROLE_USER\"]','$2y$13$uFERkHLTzW/IDKyWTbHbXuqPvstnlmuDZ7WpOm1rVPUmUUYU7ueLK','Laetitia','Bonnin',9),(120,'morvan.theophile@laposte.net','[\"ROLE_USER\"]','$2y$13$8MEABOYIpGBjk1.N8gTt.O5gFq/q2iRNxuXo5sDs9uvZNWYoWUh5m','Martine','Normand',9),(121,'maggie32@club-internet.fr','[\"ROLE_USER\"]','$2y$13$ZA073df.ycgJqCqjCtMWlOIMJ7tlV2twnukJpgdBU4qg.kvgwaViO','Rémy','Hamon',7),(122,'corinne04@clerc.net','[\"ROLE_USER\"]','$2y$13$.wRcMM1XoVYbFFUc61dOe.W6GqJ8c84AhHhMjCGbxA31kI.2JgrlC','Aimée','Leger',10),(123,'emmanuel.gilbert@cohen.org','[\"ROLE_CUSTOMER\"]','$2y$13$kMsDumIjzaVHG.czngUV8OSZI1jbXihHBhh60otimRC9iH1Guwe.i','Richard','Chevallier',7),(124,'texier.jacques@hotmail.fr','[\"ROLE_USER\"]','$2y$13$b7S3OXLDO5nPTP75.Ds4teIRCUwEiyhGjhy5pFnnLdgddZjLSG.6a','Henri','Gilbert',8),(125,'hamon.lucie@free.fr','[\"ROLE_USER\"]','$2y$13$BIKtw3KEKq75CPPjl3/PtOxg44JbeKca7SmrGyJbPyhmTKLsONEm6','Jean','Delattre',6),(126,'william.martel@live.com','[\"ROLE_USER\"]','$2y$13$j24DLDLdMzlefg3Z5I6mjOCOXTnf1OILaYEDDIjmYiS2qXVtUOhce','Thérèse','Descamps',8),(127,'christophe.normand@jacob.net','[\"ROLE_USER\"]','$2y$13$.rivv2u/EfsCj5/VIe6pT.iiq/oV1Rha7H2laceVJd6q1eJ4AIDyy','Martine','Vallee',6);
/*!40000 ALTER TABLE `user` ENABLE KEYS */;
UNLOCK TABLES;
/*!40103 SET TIME_ZONE=@OLD_TIME_ZONE */;

/*!40101 SET SQL_MODE=@OLD_SQL_MODE */;
/*!40014 SET FOREIGN_KEY_CHECKS=@OLD_FOREIGN_KEY_CHECKS */;
/*!40014 SET UNIQUE_CHECKS=@OLD_UNIQUE_CHECKS */;
/*!40101 SET CHARACTER_SET_CLIENT=@OLD_CHARACTER_SET_CLIENT */;
/*!40101 SET CHARACTER_SET_RESULTS=@OLD_CHARACTER_SET_RESULTS */;
/*!40101 SET COLLATION_CONNECTION=@OLD_COLLATION_CONNECTION */;
/*!40111 SET SQL_NOTES=@OLD_SQL_NOTES */;

-- Dump completed on 2024-10-03 20:49:22
